ticker,name,sector,market,basket
2330.TW,台積電,半導體,TWSE,Taiwan50
2317.TW,鴻海,其他電子,TWSE,Taiwan50
2454.TW,聯發科,半導體,TWSE,Taiwan50
2308.TW,台達電,電子零組件,TWSE,Taiwan50
2382.TW,廣達,電腦及週邊,TWSE,Taiwan50
2881.TW,富邦金,金融保險,TWSE,Taiwan50
2882.TW,國泰金,金融保險,TWSE,Taiwan50
2412.TW,中華電,通信網路,TWSE,Taiwan50
2891.TW,中信金,金融保險,TWSE,Taiwan50
2357.TW,華碩,電腦及週邊,TWSE,Taiwan50
2886.TW,兆豐金,金融保險,TWSE,Taiwan50
3711.TW,日月光投控,半導體,TWSE,Taiwan50
2884.TW,玉山金,金融保險,TWSE,Taiwan50
1216.TW,統一,食品工業,TWSE,Taiwan50
2892.TW,第一金,金融保險,TWSE,Taiwan50
2880.TW,華南金,金融保險,TWSE,Taiwan50
3008.TW,大立光,光電業,TWSE,Taiwan50
2303.TW,聯電,半導體,TWSE,Taiwan50
1101.TW,台泥,水泥工業,TWSE,Taiwan50
2885.TW,元大金,金融保險,TWSE,Taiwan50
2887.TW,台新金,金融保險,TWSE,Taiwan50
5880.TW,合庫金,金融保險,TWSE,Taiwan50
2379.TW,瑞昱,半導體,TWSE,Taiwan50
6669.TW,緯穎,電腦及週邊,TWSE,Taiwan50
3034.TW,聯詠,半導體,TWSE,Taiwan50
2345.TW,智邦,通信網路,TWSE,Taiwan50
2890.TW,永豐金,金融保險,TWSE,Taiwan50
2301.TW,光寶科,電腦及週邊,TWSE,Taiwan50
3231.TW,緯創,電腦及週邊,TWSE,Taiwan50
2883.TW,開發金,金融保險,TWSE,Taiwan50
2327.TW,國巨,電子零組件,TWSE,Taiwan50
2603.TW,長榮,航運業,TWSE,Taiwan50
4938.TW,和碩,電腦及週邊,TWSE,Taiwan50
1303.TW,南亞,塑膠工業,TWSE,Taiwan50
1301.TW,台塑,塑膠工業,TWSE,Taiwan50
2609.TW,陽明,航運業,TWSE,Taiwan50
2615.TW,萬海,航運業,TWSE,Taiwan50
1326.TW,台化,塑膠工業,TWSE,Taiwan50
2912.TW,統一超,貿易百貨,TWSE,Taiwan50
5871.TW,中租-KY,其他,TWSE,Taiwan50
6505.TW,台塑化,油電燃氣,TWSE,Taiwan50
2002.TW,中鋼,鋼鐵工業,TWSE,Taiwan50
3045.TW,台灣大,通信網路,TWSE,Taiwan50
4904.TW,遠傳,通信網路,TWSE,Taiwan50
9910.TW,豐泰,其他,TWSE,Taiwan50
1590.TW,亞德客-KY,電機機械,TWSE,Taiwan50
2395.TW,研華,電腦及週邊,TWSE,Taiwan50
3661.TW,世芯-KY,半導體,TWSE,Taiwan50
6415.TW,矽力*-KY,半導體,TWSE,Taiwan50
2059.TW,川湖,其他電子,TWSE,Taiwan50
2376.TW,技嘉,電腦及週邊,TWSE,Mid100
2377.TW,微星,電腦及週邊,TWSE,Mid100
2409.TW,友達,光電業,TWSE,Mid100
3481.TW,群創,光電業,TWSE,Mid100
2618.TW,長榮航,航運業,TWSE,Mid100
2610.TW,華航,航運業,TWSE,Mid100
2356.TW,英業達,電腦及週邊,TWSE,Mid100
2353.TW,宏碁,電腦及週邊,TWSE,Mid100
1519.TW,華城,電機機械,TWSE,Mid100
1513.TW,中興電,電機機械,TWSE,Mid100
1504.TW,東元,電機機械,TWSE,Mid100
2383.TW,台光電,電子零組件,TWSE,Mid100
3037.TW,欣興,電子零組件,TWSE,Mid100
8046.TW,南電,電子零組件,TWSE,Mid100
2449.TW,京元電子,半導體,TWSE,Mid100
2368.TW,金像電,電子零組件,TWSE,Mid100
3017.TW,奇鋐,電腦及週邊,TWSE,Mid100
3324.TW,雙鴻,電腦及週邊,TWSE,Mid100
6274.TW,台燿,電子零組件,TWSE,Mid100
2360.TW,致茂,其他電子,TWSE,Mid100
3533.TW,嘉澤,電子零組件,TWSE,Mid100
3443.TW,創意,半導體,TWSE,Mid100
6446.TW,藥華藥,生技醫療,TWSE,Mid100
1476.TW,儒鴻,紡織纖維,TWSE,Mid100
9904.TW,寶成,其他,TWSE,Mid100
2809.TW,京城銀,金融保險,TWSE,Mid100
2834.TW,臺企銀,金融保險,TWSE,Mid100
2889.TW,國票金,金融保險,TWSE,Mid100
2845.TW,遠東銀,金融保險,TWSE,Mid100
2812.TW,台中銀,金融保險,TWSE,Mid100
5876.TW,上海商銀,金融保險,TWSE,Mid100
2542.TW,興富發,建材營造,TWSE,Mid100
2501.TW,國建,建材營造,TWSE,Mid100
1102.TW,亞泥,水泥工業,TWSE,Mid100
1402.TW,遠東新,紡織纖維,TWSE,Mid100
2105.TW,正新,橡膠工業,TWSE,Mid100
9945.TW,潤泰新,其他,TWSE,Mid100
2903.TW,遠百,貿易百貨,TWSE,Mid100
2207.TW,和泰車,汽車工業,TWSE,Mid100
2201.TW,裕隆,汽車工業,TWSE,Mid100
9921.TW,巨大,其他,TWSE,Mid100
9914.TW,美利達,其他,TWSE,Mid100
2027.TW,大成鋼,鋼鐵工業,TWSE,Mid100
2014.TW,中鴻,鋼鐵工業,TWSE,Mid100
1319.TW,東陽,汽車工業,TWSE,Mid100
1722.TW,台肥,化學工業,TWSE,Mid100
1707.TW,葡萄王,生技醫療,TWSE,Mid100
6409.TW,旭隼,其他電子,TWSE,Mid100
3702.TW,大聯大,電子通路,TWSE,Mid100
2347.TW,聯強,電子通路,TWSE,Mid100
6239.TW,力成,半導體,TWSE,Mid100
2408.TW,南亞科,半導體,TWSE,Mid100
5347.TW,世界,半導體,TWSE,Mid100
6488.TW,環球晶,半導體,TWSE,Mid100
3529.TW,力旺,半導體,TWSE,Mid100
6770.TW,力積電,半導體,TWSE,Mid100
4966.TW,譜瑞-KY,半導體,TWSE,Mid100
3406.TW,玉晶光,光電業,TWSE,Mid100
2458.TW,義隆,半導體,TWSE,Mid100
3035.TW,智原,半導體,TWSE,Mid100
2352.TW,佳世達,電腦及週邊,TWSE,Mid100
2371.TW,大同,電機機械,TWSE,Mid100
2354.TW,鴻準,其他電子,TWSE,Mid100
2313.TW,華通,電子零組件,TWSE,Mid100
2367.TW,燿華,電子零組件,TWSE,Mid100
6213.TW,聯茂,電子零組件,TWSE,Mid100
6269.TW,台郡,電子零組件,TWSE,Mid100
3036.TW,文曄,電子通路,TWSE,Mid100
2474.TW,可成,其他電子,TWSE,Mid100
6176.TW,瑞儀,光電業,TWSE,Mid100
2498.TW,宏達電,通信網路,TWSE,Mid100
2439.TW,美律,通信網路,TWSE,Mid100
3105.TW,穩懋,半導體,TWSE,Mid100
4919.TW,新唐,半導體,TWSE,Mid100
5483.TW,中美晶,半導體,TWSE,Mid100
6531.TW,愛普*,半導體,TWSE,Mid100
6789.TW,采鈺,半導體,TWSE,Mid100
4763.TW,材料-KY,化學工業,TWSE,Mid100
1795.TW,美時,生技醫療,TWSE,Mid100
6472.TW,保瑞,生技醫療,TWSE,Mid100
2385.TW,群光,電腦及週邊,TWSE,Mid100
2374.TW,佳能,光電業,TWSE,Mid100
3653.TW,健策,電子零組件,TWSE,Mid100
2441.TW,超豐,半導體,TWSE,Mid100
2451.TW,創見,半導體,TWSE,Mid100
3005.TW,神基,電腦及週邊,TWSE,Mid100
3706.TW,神達,電腦及週邊,TWSE,Mid100
6285.TW,啟碁,通信網路,TWSE,Mid100
5388.TW,中磊,通信網路,TWSE,Mid100
4906.TW,正文,通信網路,TWSE,Mid100
3380.TW,明泰,通信網路,TWSE,Mid100
3596.TW,智易,通信網路,TWSE,Mid100
2455.TW,全新,半導體,TWSE,Mid100
8069.TW,元太,光電業,TWSE,Mid100
6147.TW,頎邦,半導體,TWSE,Mid100
6278.TW,台表科,電子零組件,TWSE,Mid100
3044.TW,健鼎,電子零組件,TWSE,Mid100
8299.TW,群聯,半導體,TWSE,Mid100
6533.TW,晶心科,半導體,TWSE,Mid100
3042.TW,晶豪科,半導體,TWSE,Mid100
2607.TW,榮運,航運業,TWSE,Mid100
